question,pofa,damien.roux@aphp.fr,ccyteval@gmail.com,xavier.deffieux@aphp.fr,silvy.laporte@chu-st-etienne.fr,pnazeyrollas@chu-reims.fr,pierre.nazeyrollas@univ-reims.fr,JLabarere@chu-grenoble.fr,pnazeyrollas@univ-reims.fr,jlabarere@chu-grenoble.fr,min,max,unique,split,first_mode,max_mode,rand_mode,prediction,accurate_criteria?,New_criteria
L'information délivrée au patient doit : (une ou plusieurs réponses exactes) ,"['Etre simple, approximative et intelligible (False) ', 'Etre loyale, claire et appropriée (True) ', 'Exclure la question des risques de mort et d´invalidité (False) ', 'Etre délivrée pour toute action médicale, y compris une démarche de prévention ou de dépistage (True) ', ""Faire l'objet d'un formulaire spécifique signé par le patient (False).1""]",1,1,2,2,,,,,,1,2,2, ,1,2,1,2,y,1
Un médecin exerçant en activité libérale refuse de se déplacer lors d'un appel urgent. Le patient meurt. Quelles sont les propositions vraies : ,"[""La famille peut porter l'affaire devant une juridiction civile (True) "", ""La famille peut porter l'affaire devant une juridiction pénale (True) "", ""La famille peut porter l'affaire devant le tribunal administratif (False) "", ""La famille peut porter l'affaire devant le conseil de l’ordre (True) "", ""La famille ne peut pas porter l'affaire devant une juridiction de l’ordre judiciaire (False).1""]",2,2,3,1,,,,,,1,3,3,1,2,2,2,3,n,1
Une thrombose hémorroïdaire externe peut se traduire par: ,"['Une douleur à début progressif (False) ', 'Un prurit anal (False) ', 'Une tuméfaction anale (True) ', 'Des rectorragies abondantes (False) ', 'Une douleur à début brutal (True).1']",1,1,1,1,,,,,,1,1,1,1,1,1,1,2,y,2
"Un patient de 85 ans aux antécédents d'arythmie complète par fibrillation auriculaire (ACFA), de démence vasculaire et d'appendicectomie se présente aux urgences pour des douleurs abdominales diffuses associées à des vomissements itératifs : quel(s) diagnostic(s) évoquez-vous? ","[""une ischémie mésentérique d'origine embolique (True) "", 'un volvulus du sigmoïde (True) ', 'une occlusion sur bride (True) ', ""un cancer de l'angle colique gauche (True) "", 'une appendicite (False).1']",3,3,3,3,,,,,,3,3,1,1,3,3,3,2,y,2
"Une jeune fille de 14 ans consulte pour un ictère conjonctival depuis 3 jours. Elle a 'une gastro' de même que toute la famille. Elle a eu de la fièvre à 38°2 il y a 2 jours. Vous lui prescrivez un bilan biologique qui retrouve une bilirubine totale à 55?mol/L, une bilirubine conjuguée à 5?mol/L. Le reste du bilan hépatique est strictement normal. Quel(s) diagnostic(s) pourrai(en)t être évoquer? ","['Cholécystite aiguë (False) ', 'Hémolyse dans un contexte d’infection virale (True) ', 'Syndrome de Gilbert (True) ', 'Angiocholite (False) ', 'Pancréatite chronique calcifiante (False).1']",3,3,3,1,,,,,,1,3,2,1,3,3,3,3,y,3
Indiquez l(es) affirmation(s) vraie(s) au cours du syndrome hépato-rénal chez le patient cirrhotique  : ,"['Le rapport NA/K dans les urines est &lt;1 (True) ', 'La protéinurie est &gt; 1g/24 h (False) ', 'Il y a toujours de l’ascite (True) ', 'L’hypernatrémie est habituelle (False) ', 'L’insuffisance rénale est corrigée par l’expansion volémique (perfusion de serum physiologique ou d’albumine) (False).1']",1,1,3,1,,,,,,1,3,2,1,1,1,1,1,_,1
"En cas d'hépatite virale aiguë, quel paramètre ou score biologique fait porter le diagnostic d'hépatite aiguë sévère ? ","['ALAT &gt; 1 000 UI/ml (False) ', 'TP &lt; 50% (True) ', 'Bilirubine &gt; 100 mcmol/L (False) ', 'Score de MELD &lt; 25 (False) ', 'Score de Maddrey &gt; 32 (False).1']",1,1,2,1,,,,,,1,2,2,1,1,1,1,2,y,1
"Concernant cette radiographie, quelle(s) est(sont) la(les) proposition(s) vraie(s) ","[""Il s'agit d'une radiographie de cheville de face (True) "", ""Il s'agit d'une radiographie du pied de face (False) "", ""Il s'agit d'une fracture bimalléolaire (True) "", 'Il existe une fracture du premier cunéiforme (False) ', 'Il existe une fracture de la base du 5 ème métatarsien (False).1']",3,3,3,3,,,,,,3,3,1,1,3,3,3,1,y,1
Quelle(s) manifestation(s) observe-t-on au cours du syndrome de Löfgren ? ,"['oligoarthrite (True) ', 'parotidomégalie bilatérale (False) ', 'érythème noueux (True) ', 'adénopathies hilaires bilatérales (True) ', 'uvéite antérieure aigue (False).1']",1,1,1,1,,,,,,1,1,1,1,1,1,1,2,y,1
"Un homme de 60 ans vient vous voir en consultation avec le bilan lipidique suivant : triglycérides : 11 g/l (N : 0,65-1,5 g/l), cholestérol total 3,5 g/l  (N : 1.2-2,1 g/l ) HDL cholestérol : 0,23 g/l (N : 0,40-0,80 g/l) , LDL non calculable. Ses bilans antérieurs montraient une hypertriglycéridémie modérée oscillant entre 2 et 4 g/l. Quelle(s) est(sont) la(les) propositions vraies : ","['un contexte d´insulinorésistance est souvent retrouvé\xa0 dans cette situation (True) ', ""il s'agit d'un syndrome d'hyperchylomicronémie familiale (False) "", 'l´aspect du sérum sera opalescent ou lactescent (True) ', 'le risque aigu est de faire un infarctus du myocarde (False) ', 'le risque aigu est de faire une pancréatite (True).1']",3,3,3,3,,,,,,3,3,1,1,3,3,3,3,y,3
"Parmi les propositions suivantes concernant la chirurgie bariatrique, laquelle (lesquelles) est(sont) juste(s) ? ","['La chirurgie bariatrique est indiquée pour un IMC ? 35 kg/m² avec ou sans comorbidités associées (False) ', 'La chirurgie bariatrique n’est indiquée qu’après un suivi médical pré-opératoire minimal de 2 ans (False) ', 'La chirurgie bariatrique est contre-indiquée chez des patients présentant des troubles du comportement alimentaire graves ou non stabilisés (True) ', 'La chirurgie bariatrique nécessite un suivi médico-chirurgical post-opératoire prolongé (True) ', 'La chirurgie bariatrique n’est indiquée que chez les patients obèses morbides qui ont réussi à perdre au moins 5% de leur poids initial en préopératoire (False).1']",1,1,2,1,,,,,,1,2,2,1,1,1,1,1,y,1
Quel(s) items(s) non biologique(s) est(sont) pris en compte dans le syndrome métabolique? ,"['tour de taille (True) ', ""antécédent d'infarctus du myocarde précoce chez un parent au premier degré (False) "", ""consommation d'alcool (False) "", 'sédentarité (False) ', 'tabagisme (False).1']",1,1,2,1,,,,,,1,2,2,1,1,1,1,1,y,1
"Parmi les propositions suivantes concernant les souffles cardiaques de l'enfant, laquelle ou lesquelles est (sont) vraie(s) ? ","[""Le souffle innocent est le plus fréquent des souffles cardiaques de l'enfant (True) "", 'Le souffle innocent peut être systolique ou diastolique (False) ', 'Le souffle innocent est souvent intense (False) ', 'Le souffle innocent peut varier avec le temps et la position (True) ', 'Le souffle innocent a souvent une irradiation dorsale (False).1']",1,1,2,1,,,,,,1,2,2,1,1,1,1,1,y,1
"Une femme de 25 ans est vue en consultation pour des adénopathies cervicales. Elle s'est aperçue qu'elle avait ces gonflements du cou depuis 1 semaine. Elle n'a pas eu de fièvre. Elle n'a pas de douleur. Lors de votre examen clinique, la température est à 37°C. Vous confirmez cliniquement la présence d'adénopathies cervicales dont le diamètre est entre 1 et 2 centimètres. Les amygdales sont d'aspect normal. Le reste de l'examen physique est normal. Vous lui proposez (une ou plusieurs réponses exactes) : ","['un hémogramme (True) ', 'un dosage de la TSHus (False) ', 'un prélèvement pharyngé (False) ', 'des hémocultures (False) ', 'une sérologie VIH (True).1']",3,3,3,1,,,,,,1,3,2,1,3,3,3,3,y,3
Un certificat médical : (une ou plusieurs réponses exactes) ,"[""Est une attestation écrite de constatations cliniques concernant l'état de santé d'un patient qui a été examiné (True) "", 'Peut être remis au conjoint du patient (False) ', 'Peut être fait sur réquisition du Procureur de la République (True) ', 'Est toujours prévu par une loi (False) ', 'Ne peut pas engager la responsabilité pénale du rédacteur (False).1']",1,1,3,1,,,,,,1,3,2,1,1,1,1,2,n,1
"Parmi les propositions suivantes, laquelle(lesquelles) répond(ent) à la définition d'un syndrome des antiphospholipides? ","['antécédent de 2 fausses couches respectivement à 8 et 10 semaines de grossesse avec présence à 12 semaines d’intervalle d’un anticoagulant circulant de type lupique et d’anticorps anti-cardiolipines (True) ', 'antécédent d’embolie pulmonaire chez une patiente lupique avec présence d’un anticoagulant de type lupique sans autre auto-anticorps présent sur deux dosages à 12 semaines d’intervalle (True) ', 'antécédent de 3 fausses couches consécutives respectivement à 5, 6 et 5 semaines de grossesse avec présence à 12 semaines d’intervalle d’anticorps anti-cardiolipines et d’anticorps anti-b2GP1 à titre élevé (True) ', 'antécédent d’une perte fœtale chez une patiente ayant un lupus avec présence d’anticorps anti-cardiolipines à titre élevé sur deux dosages faits à 12 semaines d’intervalle (True) ', ""antécédent de lupus chez une patiente nullipare sans antécédent de thrombose avec présence d’anticorps anti-cardiolipines, de lupus anticoagulant et d'un anticorps anti-b2GP1 sur deux dosages faits à 12 semaines d’intervalle (False).1""]",,3,3,1,,,,,,1,3,2,1,3,3,3,1,y,1
"Devant un syndrome interstitiel micronodulaire sur un scanner thoracique, quel(s) est(sont) le (ou les) arguments en faveur d'une sarcoïdose ? ","[""la présence d'adénopathies latérotrachéales (False) "", 'une répartition de type centrolobulaire des micronodules (False) ', 'une distribution péribronchovasculaire des micronodules (True) ', ""la présence d'un épanchement pleural (False) "", 'la présence d’un épanchement péricardique (False).1']",,1,2,1,,,,,,1,2,2,1,1,1,1,2,y,1
Quels sont les patients les plus à risque de grippe grave (ou à risque de complication) ? (une ou plusieurs réponses exactes) ,"['Enfant de 6 ans (False) ', 'Patient suivi en hématologie pour une hémopathie sous chimiothérapie (True) ', 'Un patient BPCO stade 4 (True) ', 'Une femme enceinte à 32 SA (True) ', ""Un patient de 55 ans, infirmier à l'hôpital (False).1""]",,1,1,1,,,,,,1,1,1,1,1,1,1,2,y,1
"Dans le cadre d'une otite séro-muqueuse, quelle(s) est(sont) la(les) proposition(s) exacte(s) ? ","['le tympan peut être bombé (True) ', 'Le tympan est normal (False) ', 'Il existe une surdité de transmission (True) ', 'Il existe une surdité de perception (False) ', 'Le tympanogramme est normal (False).1']",,1,2,1,,,,,,1,2,2,1,1,1,1,1,y,1
"En cas de reconnaissance d'une affection en maladie professionnelle dans le régime général de la Sécurité sociale, que peut percevoir la victime ? ","['la prise en charge à 100% des traitements liés à la maladie professionnelle (True) ', ""un capital si le taux d'incapacité permanente est inférieur à 10% (True) "", ""une rente si le taux d'incapacité permanente est supérieur ou égal à 10% (True) "", ""des indemnités journalières de la sécurité sociale, du même montant qu'en maladie simple mais sans jour de carence (False).1""]",,1,2,1,,,,,,1,2,2,1,1,1,1,2,y,1
Quelles sont les propositions exactes concernant l'exposition à l'amiante et ses conséquences ? ,"[""l'exposition à l'amiante est la cause exclusive de l'asbestose (True) "", ""l'exposition à l'amiante est le plus souvent professionnelle (True) "", ""l'exposition à l'amiante peut être environnementale (True) "", ""l'exposition à l'amiante est un facteur de risque de pneumopathie infectieuse à pneumocoque (False) "", ""l'exposition à l'amiante est un facteur de risque de cancer bronchique (True).1""]",,1,2,1,,,,,,1,2,2,1,1,1,1,2,n,1
"Médecin traitant, vous recevez un homme de 42 ans, victime d'une entorse grave de la cheville gauche pendant son activité de maçon sur un chantier de BTP il y a 6 mois. Il garde une douleur séquelaire en particulier à la marche, mais améliorée par la kinésithérapie et les antalgiques de palier 1. Vous envisagez de faire un certificat de consolidation. Est ce possible et quelles en seront les conséquences (une ou plusieurs réponses possibles) ? ","['je ne peux pas faire le certificat de consolidation car il a encore besoin de soins (False) ', 'les soins après consolidation ne sont pas possibles (False) ', 'je ferai le certificat de consolidation quand il sera guéri (False) ', 'si je fais le certificat de consolidation, cela mettra fin au versement des indemnités journalières (True) ', 'je peux faire le certificat de consolidation si la lésion est stable (True).1']",,3,3,3,,,,,,3,3,1,1,3,3,3,3,y,3
La maladie chronique d’un salarié peut -elle conduire un employeur à refuser une embauche ? ,"['oui, si elle est décelable par l’employeur lors de l’entretien d’embauche (False) ', 'oui, si le médecin du travail informe l’employeur du diagnostic (False) ', 'oui, si le médecin du travail prononce une inaptitude au poste proposé (True) ', 'non, si elle n’entraine pas de signe visible à l’employeur lors de l’entretien d’embauche (False) ', 'non, jamais car ce serait de la discrimination à l’embauche (False).1']",,2,2,1,,,,,,1,2,2,1,2,2,2,2,n,1
"Vous recevez en consultation une jeune coiffeuse de 24 ans, qui indique parfois avoir des crises d'asthme, reproduisant celles qu'elle avait eu dans l'enfance et cédant rapidement sous ventoline. Lorsque vous essayez de déterminer si cette pathologie allergique respiratoire d'apparition récente est imputable ou non à l'activité professionnelle de votre patiente, quels sont les deux facteurs principaux que vous devez rechercher ? ","['la composition des substances manipulées par la patiente (False) ', 'la rythmicité des symptômes: amélioration le week-end (True) ', ""l'existence d'une rhinite ayant précédé l'asthme (True) "", ""confirmer son antécédent d'atopie (False) "", ""l’existence d'autres cas dans son salon (False).1""]",,3,3,1,,,,,,1,3,2,1,3,3,3,2,y,2
"A propos de la démarche diagnostique initiale devant une stérilité de couple, cochez la ou les propositions exactes ? ","['le bilan féminin initial repose sur la réalisation de courbes ménothermiques, d’une hystéroscopie et d’un bilan hormonal de base (False) ', 'le bilan hormonal de base pour le versant féminin se compose du dosage de la FSH, LH, et estradiol plasmatique (True) ', 'le bilan hormonal de base pour le versant féminin doit être réalisé au 10ème jour du cycle (False) ', 'le bilan masculin repose sur la réalisation d’un spermogramme et d’un spermocytogramme (True) ', 'le test de H?hner permet d’explorer le couple (True).1']",,2,2,1,,,,,,1,2,2,1,2,2,2,2,y,1
Quel(s) examen(s) doit  (doivent) être réalisé(s) devant la suspicion d’un cancer de l’endomètre de stade  FIGO 1A ? ,"['Scanner cérébral (False) ', 'IRM pelvienne (True) ', 'TEP-FDG (False) ', 'Dosage de du CA 125 (False) ', 'Dosage du SCC (False).1']",,1,2,1,,,,,,1,2,2,1,1,1,1,2,y,1
"Vous voyez en consultation une jeune femme de 23 ans, chez qui vous suspectez un syndrome des ovaires polykystiques. Parmi les suivants, sur quel(s) argument(s) vous basez-vous pour évoquer ce diagnostic ? ","['Oligo-aménorrhée (True) ', 'Augmentation du rapport FSH/LH (False) ', 'Augmentation de la testostéronémie (True) ', 'Ovaires polykystiques à l’échographie (True) ', 'Déficit en 21 béta-hydroxylase (False).1']",,2,2,1,,,,,,1,2,2,1,2,2,2,2,y,2
Mme G présente une première grossesse. Elle se pose des questions sur le risque de transmission  de son hépatite B chronique au futur bébé. La charge virale est négative au 8ème mois. La grossesse se déroule normalement. Elle accouche à terme d’un garçon de 3250 g qui s’est bien adapté à la naissance. Quelle(s) affirmation(s) est (sont) exacte(s) ? ,"['le risque de transmission du virus de l’hépatite B en cours de grossesse est de 20% environ (False) ', 'la prévention postnatale est inutile pour le nouveau-né (False) ', 'le risque de transmission virale postnatale doit être prévenu par une vaccination précoce seule (False) ', 'le risque de transmission virale doit être prévenu par une sérovaccination néonatale (True) ', 'l’allaitement maternel est, dans tous les cas, contre-indiqué (False).1']",,3,3,2,,,,,,2,3,2,1,3,3,3,2,n,3
"Un adolescent de 14 ans est transféré en France pour la prise en charge des séquelles d'un traumatisme crâniofacial survenu à l'âge de 13 ans. Vous suspectez une fracture du plancher de l'orbite droit avec incarcération musculaire et/ou graisseuse, qui n'a pas été opérée à temps. Le patient présente une anomalie oculomotrice séquellaire. Quelles sont les caractéristiques de la diplopie qui résultent de ce trouble de l'oculomotricité ? ","['diplopie horizontale (False) ', 'diplopie verticale (True) ', 'diplopie monoculaire (False) ', ""diplopie s'aggravant à l'élévation du regard (True) "", 'diplopie transitoire (False).1']",,3,3,3,,,,,,3,3,1,1,3,3,3,2,y,2
"Vous recevez en urgence M. X, 60 ans. Ce patient est adressé par le service des urgences pour un fond d'oeil. Il présente une tension artérielle à 220/110 millimètres de mercure associée à des céphalées. Quelle(s) lésion(s) au fond d'oeil pouvez-vous retrouver dans ce contexte ? ","['un décollement de rétine exsudatif (False) ', 'des hémorragies rétiniennes (True) ', 'des nodules cotonneux (True) ', 'un oedème papillaire (True) ', 'des rétrécissements artériels (True).1']",,3,2,3,,,,,,2,3,2,1,3,3,3,2,n,3
Quels sont les signes fonctionnels compatibles avec le diagnostic de cataracte ? ,"['Métamorphopsies (False) ', 'Photophobie (True) ', ""Baisse d'acuité visuelle progressive (True) "", 'Diplopie monoculaire (True) ', 'Phosphènes (False).1']",,1,1,1,2,,,,,1,2,2,1,1,1,1,2,n,1
"Parmi les éléments suivants, lesquels retrouve-t-on lors d'une conjonctivite allergique ? ","['des manifestations le plus souvent unilatérales (False) ', 'un prurit associé (True) ', 'des papilles conjonctivales (True) ', 'un ulcère cornéen (False) ', 'un chemosis (True).1']",,1,1,1,1,,,,,1,1,1,1,1,1,1,2,n,1
"Durant la phase dépressive du deuil normal, ","['le sentiment de tristesse peut coexister avec des affects positifs (True) ', 'l´estime de soi est en général préservée (True) ', 'l´existence d´idées de mort n´est pas forcément pathologique (True) ', ""des hallucinations critiquées, telles qu'entendre le défunt, peuvent être observées (True) "", 'des idées de grandeur peuvent être observées (False).1']",,1,1,1,2,,,,,1,2,2,1,1,1,1,2,y,1
"Devant un trouble somatoforme (ou trouble à symptomatologie somatique et apparenté), vous devez rechercher un/des trouble(s) comorbide(s). Le(s)quel(s) ? ","['un trouble dépressif caractérisé (True) ', ""un trouble de l'adaptation (True) "", 'un trouble anxieux (True) ', 'un trouble de la personnalité (True) ', 'un trouble délirant chronique (False).1']",,2,3,1,2,,,,,1,3,3,1,2,2,2,2,y,2
"Emma, 4 ans, est traitée en hôpital de jour onco-pédiatrique 2 fois par semaine pour une leucémie aigue lymphoblastique de type B. Depuis une semaine, elle est opposante, fait des caprices au coucher et refuse de prendre ses médicaments (bains de bouche, corticothérapie et antibiothérapie préventive). Quelle(s) est(sont) la(les) conduite(s) à tenir? ","['prescription d´un traitement anxiolytique (False) ', 'prescription d´un traitement antidépresseur (False) ', 'hospitalisation complète pour surveiller l´observance (False) ', ""demande d'intervention de la pédopsychiatrie de liaison (True) "", 'proposition de consultation avec le psychologue du service (True).1']",,3,3,2,3,,,,,2,3,2,1,3,3,3,2,n,2
"Parmi ces propositions concernant les troubles du spectre autistique, laquelle (lesquelles) est (sont) vraie(s) ? ","['Les comorbidités psychiatriques sont fréquentes (True) ', 'Les troubles autistiques trouvent leurs causes dans les relations précoces entre l’enfant et ses parents (False) ', 'Les parents d’enfants avec autisme présentent un type de personnalité spécifique (False) ', 'Les facteurs génétiques jouent un rôle important dans le développement des troubles autistiques (True) ', 'Le gène responsable de l’autisme est désormais identifié (False).1']",,1,2,1,2,,,,,1,2,2,2,1,2,2,1,y,1
Vous suspectez une ischémie aiguë de membre inférieur chez Mr T. Quelles sont la(les) proposition(s) exacte(s) ? ,"['les signes cliniques d’une ischémie aiguë sont : douleur, pâleur, froideur, abolition de pouls, troubles sensitivo-moteurs (True) ', 'l’ischémie aiguë est une urgence chirurgicale (True) ', 'un anévrysme poplité peut être à l’origine d’une ischémie aiguë par embolisation du thrombus\xa0dans l’artère fémorale superficielle (False) ', ""une ischémie aiguë de membre inférieur peut être due à une dissection d'artère iliaque (True) "", 'une ischémie aiguë de membre inférieur peut être due à une fibrillation atriale (True).1']",,2,2,3,2,,,,,2,3,2,1,2,2,2,2,y,1
Mr X. âgé de 62 ans est suivi dans le cadre d'un anévrisme de l'aorte abdominale sous rénale de 42 mm de diamètre antéro-postérieur. Il se présente aux urgences pour la survenue brutalement depuis une heure des douleurs abdominales. Quelle conduite à tenir mettez-vous en place ? (une ou plusieurs propositions exactes) ,"[""faire pratiquer un échodoppler de l'aorte et des membres inférieurs en urgence en l'absence de signe de choc (False) "", ""faire pratiquer un angioscanner de l'aorte et des membres inférieurs en urgence en l'absence de signe de choc (True) "", ""prévenir l'équipe chirurgicale (True) "", 'adresser le patient directement au bloc opératoire en présence de signes de choc (True) ', 'adresser le patient directement en service de réanimation\xa0en présence de signes de choc (False).1']",,3,3,3,3,,,,,3,3,1,1,3,3,3,3,y,3
Quelle(s) est (sont) la (les) proposition(s) exacte(s) ? ,"['des métamorphopsies orientent vers une atteinte maculaire (True) ', 'la macula est située en dehors de la papille (True) ', 'la macula est atteinte initialement dans le glaucome (False) ', 'les bâtonnets prédominent en région maculaire (False).1']",,1,1,1,1,,,,,1,1,1,1,1,1,1,1,y,1
"Parmi les propositions suivantes, quelle(s) est(sont) celle(s) qui correspond(ent) à une irradiation douloureuse, typique de la pancréatite aiguë ? ","['vers l’épaule droite (False) ', 'sous costale droite (False) ', 'transfixiante vers le dos (True) ', 'vers le pli inguinal gauche (False) ', 'en hémi ceinture gauche (False).1']",,1,1,1,1,,,,,1,1,1,1,1,1,1,1,y,1
"Un patient consulte aux urgences pour de la fièvre depuis 24h. Ses accompagnants le trouvent jaune. Il a également des douleurs épigastriques persistantes qui se majorent lors de l'alimentation. Vous faites un bilan qui trouve: bilirubine totale 58 µmol/l, bilirubine conjuguée 47µmol/l, ASAT 3N, ALAT 4N, GGT 550 UI (N&lt;60), PAL 350 UI  (N.1",[],,3,2,3,,,,,,2,3,2,1,3,3,3,3,y,2
"Une femme de 40 ans vous consulte car elle a constaté avoir « les yeux jaunes de temps en temps ». Le bilan montre des transaminases normales, un taux de phosphatases alcalines et de gamma-GT normal, une bilirubinémie à 40 µmol/L (N&lt;17 µmol/L), une hémoglobine normale. La bilirubine conjuguée est de 4 µmol/l (N&lt;5 µmol/L). Sélectionnez la ou les proposition(s) exacte(s) : ","['la patiente a probablement un syndrome de Gilbert (True) ', 'la patiente a probablement une cholangite biliaire primitive (False) ', 'la patiente a probablement une anémie hémolytique (False) ', 'la patiente est à risque de développer un cholangiocarcinome (False) ', 'la patiente a une cholestase (False).1']",,3,3,1,2,,,,,1,3,3,1,3,3,3,3,y,3
"Mme N, 35 ans, présente depuis plusieurs années des douleurs abdominales diffuses. Les douleurs sont associées à des troubles du transit. L’émission de selles soulage les douleurs. Les douleurs sont plus importantes lorsque les selles sont plus dures ou plus difficiles à exonérer. Ces périodes de constipation sont entrecoupées de périodes de selles liquides. La patiente signale également des épisodes de rectorragies, essentiellement lors des périodes de constipation. Elle a perdu 3 kg le dernier mois en raison de difficultés pour s’alimenter.  Elle a consulté à plusieurs reprises pour ses troubles. Une coloscopie a été réalisée l’an dernier en raison des rectorragies et était normale. La patiente vous montre un résultat de prise de prise de sang avec une CRP à 2 mg/l (normale &lt; 5), une hémoglobine 150 g/L (normale 120-160) et des leucocytes à 6 G/L (normale 4-10). Parmi les critères suivants, le(s)quel(s) est (sont) en faveur d’un syndrome de l’intestin irritable ? ","['longue évolution des symptômes (True) ', 'existence de rectorragies (False) ', 'perte de poids (False) ', 'normalité de la coloscopie (True) ', 'douleurs soulagées par l’émission de selles (True).1']",,3,2,1,2,,,,,1,3,3,1,2,2,2,2,n,3
Quelle(s) est (sont) la (les) réponse(s) exacte(s) concernant la prise en charge d'une pancréatite aigüe? ,"[""Le diagnostic positif repose sur la réalisation d'un TDM abdominal en urgence (False) "", 'Son traitement repose sur une prise en charge ambulatoire associée à des antalgiques de palier adapté et un régime sans résidu à la phase précoce (False) ', ""La persistance d'un syndrome de réponse inflammatoire systémique à 48h est un facteur de mauvais pronostic (augmentation du risque de défaillance viscérale et de mortalité) (True) "", 'Les deux principales causes de pancréatite aigüe sont la lithiase biliaire et le cancer du pancréas (False) ', 'Une assistance nutritionnelle de type nutrition entérale par sonde nasogastrique doit être envisagée précocément dans les formes sévères nécrosantes afin de prévenir la surinfection de coulées de nécrose (True).1']",,2,3,3,2,,,,,2,3,2,2,2,3,3,1,y,1
Quel(s) est(sont) le (ou les) effet(s) secondaire(s) possible(s) des dermocorticoïdes ? ,"['bourgeonnement  cutané (False) ', 'acné induite (True) ', 'psoriasis induit (False) ', 'allergie de contact (True) ', 'atrophie cutanée (True).1']",,1,1,1,1,,,,,1,1,1,1,1,1,1,1,y,1
"Devant cette éruption du visage chez une jeune femme de 22 ans atteinte d' un acrosyndrome sévère, vous devez évoquer : ","['un vitiligo (False) ', 'un vespertilio (True) ', 'un livedo (False) ', 'un prurigo (False) ', 'un intertrigo (False).1']",,3,,3,,3,,,,3,3,1,1,3,3,3,2,y,2
"Dans le type de toxidermie illustré par la photographie ci-dessous, quel est le délai d’apparition habituellement constaté  après l’introduction du médicament responsable ? ","['7 à 21 jours (False) ', '2 à 6 semaines (False) ', 'Quelques minutes à 2 heures (False) ', '1 à 4 jours (True) ', 'Plus de 3 mois (False).1']",,3,,1,,3,,,,1,3,2,1,3,3,3,2,y,3
"Avant la réalisation d'une transplantation rénale, un CrossMatch est réalisé. Que permet cet examen (une ou plusieurs propositions attendues) ? ","['Il met en contact le sérum du donneur avec les lymphocytes du receveur potentiel (False) ', ""Il recherche des anticorps spécifiques d'antigènes du donneur (True) "", 'Il recherche des anticorps spécifiques des antigènes du receveur (False) ', 'La négativité du cross match écarte le risque de rejet aigu après transplantation (False).1']",,1,,1,,2,,,,1,2,2,1,1,1,1,3,n,1
Quel(s) est(sont) le(s) médicament(s) pouvant être responsable(s) d'une dysurie ? ,"['Un alpha-bloquant (False) ', 'Un anticholinergique (True) ', 'Un opiacé (True) ', 'Un diurétique (False) ', 'Un neuroleptique (True).1']",,1,,1,,2,,,,1,2,2,1,1,1,1,1,y,1
"Parmi les propositions suivantes, quel(s) est (sont) sont le(s) facteur(s) étiologique(s) d'une incontinence urinaire par hyperactivité vésicale ? ","['cystite radique (True) ', 'sclérose en plaques (True) ', 'toux chronique (False) ', 'accouchements difficiles (False) ', 'calcul de la vessie (True).1']",,1,,1,,2,,,,1,2,2,1,1,1,1,1,y,1
Quelle est la principale cause de décès des patients atteints de myélome multiple ? ,"['infection (True) ', 'leucémie aiguë secondaire (False) ', 'échappement thérapeutique (False) ', 'hypercalcémie (False) ', 'amylose (False).1']",,1,,1,,1,,,,1,1,1,1,1,1,1,2,n,1
Dans quelle(s) situation(s) clinique(s) une thrombopénie est elle d'origine centrale ? ,"['aplasie médullaire (True) ', 'leucémie aiguë myéloïde (True) ', 'envahissement médullaire par néoplasie solide (True) ', 'carence vitaminique (True) ', 'myélodysplasie (True).1']",,1,,1,,2,,,,1,2,2,1,1,1,1,2,n,1
"Une patiente de 68 ans vous est adressée pour une hyperlymphocytose révélée dans un contexte de zona intercostal de niveau Th4 gauche. L’examen clinique retrouve des adénopathies supra-centimétriques au niveau cervical, axillaire, inguinal, sans organomégalie. L'hémogramme réalisé retrouve : leucocytes 37 G/L dont PNN 2,7 G/L, lymphocytes 34 G/L, monocytes 0,3 G/L, hémoglobine 12,7 g/dl, plaquettes 219 G/L. L’électrophorèse des protéines retrouve une hypogammaglobulinémie à 3,2 g/L. Parmi les propositions suivantes, quel(s) diagnostic(s) vous paraît(paraissent) possible(s) ? ","['leucémie aigue lymphoblastique (False) ', 'leucémie lymphoide chronique (True) ', 'syndrome mononucléosique (False) ', 'maladie de Hodgkin (False) ', 'myélome (False).1']",,3,,3,,3,,,,3,3,1,1,3,3,3,3,y,3
"Chez un patient qui présente une pancytopénie sans syndrome tumoral avec anémie normocytaire, quel(s) est (sont) le (les) examens complémentaires qui permet(tent) d'affirmer avec certitude le diagnostic d'aplasie médullaire ? ","['myélogramme (False) ', 'biopsie ostéo-médullaire (True) ', 'étude cinétique isotopique au fer 59 (False) ', 'immunophénotypage médullaire (False) ', ""dosage de l'érythropoïétine (False).1""]",,2,,3,,3,,,,2,3,2,1,3,3,3,2,y,2
"Une patiente de 61 ans consulte pour découverte d’une adénopathie axillaire. A l’examen clinique il y a des adénopathies axillaires bilatérales centimétriques  sans autre organomégalie. La numération formule sanguine montre : leucocytes : 28G/L dont 85% de lymphocytes, hémoglobine : 12.2 g/dL, plaquettes : 185 G/L. L’immunophénotypage met en évidence une population lymphoïde B monotypique de 23 G/L avec un score de Matutes de 4. Quelle est la réponse exacte ? ","['Une biopsie ganglionnaire est nécessaire pour retenir le diagnostic de leucémie lymphoïde chronique (False) ', 'Un myélogramme avec caryotype est nécessaire pour retenir le diagnostic de leucémie lymphoïde chronique (False) ', 'Le diagnostic retenu est celui de leucémie lymphoïde chronique de stade A selon la classification de Binet (True) ', 'Le diagnostic retenu est celui de leucémie lymphoïde chronique mais un TEP-scanner est nécessaire pour classer le patient selon la classification de Binet (False).1']",,3,,3,,3,,,,3,3,1,1,3,3,3,3,y,3
"Vous voyez en consultation pour la première fois un homme de 65 ans pour asthénie d'apparition progressive. Cliniquement, vous notez un syndrome anémique et le bilan biologique que vous avez prescrit montre notamment : érythrocytes 3 T/L,  hémoglobine 10,2 g/dL, VGM 105 fL, réticulocytes 1%, leucocytes 5 G/L dont PNN 2,5 G/L, lymphocytes 2 G/L, monocytes 0,5 G/L, plaquettes 180 G/L. Quel(s) diagnostic(s) pouvez vous évoquer ? ","['une insuffisance rénale aiguë (False) ', 'une aplasie médullaire idiopathique (False) ', 'une anémie mégaloblastique (True) ', 'une hémolyse auto-immune (False) ', 'une myélodysplasie (True).1']",,3,,3,,3,,,,3,3,1,1,3,3,3,3,y,3
Un essai thérapeutique contrôlé de phase III est systématiquement (une ou plusieurs propositions attendues) : ,"['comparatif (True) ', 'contre placebo (False) ', 'en double aveugle (False) ', 'multicentrique (False) ', 'sur deux bras parallèles (False).1']",,1,,2,,2,,,,1,2,2,1,2,2,2,2,n,1
"A propos de l’organisation de la Sécurité sociale en France, quelle(s) est(sont) la(les) proposition(s) exacte(s) ? ","['la Sécurité sociale couvre les risques maladie, vieillesse, et famille (True) ', 'la Sécurité sociale couvre le risque chômage (False) ', 'plus de 80% de la population est couverte au titre du régime général de la Sécurité sociale (True) ', 'la branche Assurance maladie de la Sécurité sociale couvre le risque vieillesse (False) ', 'la branche Assurance maladie de la Sécurité sociale couvre le risque accident du travail et maladie professionnelle (True).1']",,1,,1,,1,,,,1,1,1,1,1,1,1,1,y,1
Une étude cas-témoins est conduite pour étudier les facteurs de risque de la maladie de Crohn. Quelle(s) est (sont) la (les) proposition(s) exacte(s) ? ,"['une étude cas-témoins est appropriée car la maladie de Crohn est une maladie rare (True) ', 'une étude cas-témoins permet d’investiguer les expositions à plusieurs facteurs de risque simultanément (True) ', ""une étude cas-témoins est plus coûteuse qu'une étude de cohorte prospective (False) "", 'une étude cas-témoins permet de confirmer la relation temporelle entre l’exposition et la maladie (False) ', ""le recueil de l'information sur les expositions est prospectif dans une étude cas témoin. (False).1""]",,3,,3,,2,,,,2,3,2,1,3,3,3,1,y,1
Quels signes cliniques à l’inspection pouvez vous observer en cas de premier épisode de luxation antérieure d’épaule chez un jeune patient ? ,"[""une saillie anormale de l'acromion (True) "", 'un comblement du sillon delto-trapézien (False) ', 'un vide sous acromial (True) ', 'son bras est en rotation médiale (interne) (False) ', 'une abduction irréductible gléno-humérale (True).1']",,1,,1,,2,,,,1,2,2,1,1,1,1,2,y,2
"Concernant les fractures déplacées du col fémoral de l'adulte jeune, quelle(s) est(sont) la(les) proposition(s) vraie(s): ","['elles se présentent habituellement comme une déformation en raccourcissement, rotation interne et adduction (False) ', 'elles se compliquent exceptionnellement d´ostéonécrose de la tête fémorale (False) ', 'elles sont redevables d´une réduction puis ostéosynthèse (True) ', 'elles sont une urgence chirurgicale (True) ', 'elles sont une indication habituelle d´arthroplastie totale de hanche (False).1']",,1,,1,,,2,2,,1,2,2,2,1,2,1,1,y,1
"Quels sont les réflexes archaïques présents à l'examen d'un nouveau né à terme, à l'âge de 8 jours de vie ? ","['succion déglutition (True) ', 'réflexe de Moro (True) ', 'marche automatique (True) ', 'sourire réponse (False) ', 'grasping (True).1']",,1,,1,,,1,1,,1,1,1,1,1,1,1,2,y,1
Devant quel(s) argument(s) de mesure le diagnostic de surpoids est-il établi chez un enfant en France ? ,"['poids supérieur au 97ème percentile pour l’âge sur la courbe de poids française (False) ', 'indice de masse corporelle supérieur au 97ème percentile pour l’âge sur la courbe de corpulence française (True) ', 'indice de masse corporelle supérieur à 25 kg/cm² (False) ', 'une courbe de l’indice de masse corporelle montrant un double franchissement de couloir (False) ', 'un poids supérieur à la moyenne pour l’âge (False).1']",,2,,1,,,1,1,,1,2,2,1,1,1,1,2,n,1
Le syndrome de pénétration typique lors de l'installation d'un corps étranger comprend ,"['une dyspnée brutale (True) ', 'une fièvre (False) ', 'un accès de toux (True) ', 'un changement de teint (True) ', 'un stridor (False).1']",,1,,1,,,1,2,,1,2,2,1,1,1,1,2,n,1
"Dans le cas d'une lombo-sciatique, quel(s) est(sont) l'(les) élément(s) justifiant la réalisation d'un scanner lombaire (ou IRM lombaire) ? ","['évolution de plus de 15 jours (False) ', 'déficit neurologique radiculaire côté à 3/5 (True) ', 'résistance aux antalgiques palier 3 (True) ', ""existence d'arguments cliniques en faveur d'un conflit disco-radiculaire (False) "", 'impulsivité aux efforts physiologiques (False).1']",,2,,3,,,2,2,,2,3,2,1,2,2,2,1,y,1
"Une femme de 91 ans se présente avec des gonflements douloureux des doigts. Elle est traitée par inhibiteur calcique et diurétique de l’anse (furosémide) pour une hypertension artérielle. L’uricémie est de 740 µmol/L, le débit de filtration glomérulaire est à 35 mL/min. Vous observez la main de la patiente (photographie suivante).Quelle(s) proposition(s) est(sont) exacte(s) ? ","['le furosémide est probablement en partie responsable de l’hyperuricémie (True) ', 'la lésion indiquée par la flèche est certainement un tophus (True) ', 'il s’agit certainement d’une goutte par syndrome de lyse (False) ', 'le calcium bloqueur est en partie responsable de l’hyperuricémie (False) ', 'la colchicine peut être utilisée sans risque (False).1']",,3,,3,,,3,3,,3,3,1,1,3,3,3,2,n,3
Un patient de 25 ans vous consulte pour une douleur et un gonflement du genou droit. L’épisode a débuté il y a 3 jours. Quel(s) élément(s) vous oriente(nt) vers une arthrite septique ? ,"['Une adénopathie inguinale gauche isolée (False) ', 'Une prostatite survenue 3 semaines avant l’épisode d’arthrite du genou (True) ', 'D’autres arthrites périphériques associées à l’arthrite du genou (False) ', 'Un syndrôme oculo-uréthro-synovial associé (False) ', 'Un panaris de l’hallux droit (True).1']",,3,,1,,,2,2,,1,3,3,1,2,2,2,2,y,2
Quel(s) est(sont) le(les) signe(s) clinique(s) qui vous permet(tent) d’affirmer le caractère étranglé d'une hernie inguinale ? ,"['tuméfaction réductible (False) ', 'douleur à la palpation (True) ', 'orifice inguinal libre (False) ', 'testicule ascensionné (False) ', 'vomissements aigus (True).1']",,1,,1,,,2,1,,1,2,2,1,1,1,1,1,y ,2
"Chez un patient victime d’un syndrome de la queue de cheval sur hernie discale lombaire compliquée, on n’observe pas de récupération du contrôle sphinctérien, et il est envisagé de lui apprendre la pratique des autosondages vésicaux. Quelle est ou quelles sont la (ou les) affirmation(s) exacte(s)? ","['Cette méthode permet d’assurer la vidange vésicale complète plusieurs fois par jour (True) ', 'Cette méthode n’est pas applicable en raison des troubles sensitifs de la région périnéale (False) ', 'Cette méthode doit être réalisée au moins toutes les 4 à 6 heures, avec un calendrier mictionnel (True) ', 'Le port d’une sonde urinaire à demeure est plus confortable et présente moins de risques infectieux (False) ', 'Une fois formé, le patient améliore son autonomie concernant l’élimination urinaire (True).1']",,2,,3,,,1,2,,1,3,3,1,2,2,2,2,y,2
Quel(s) est(sont) le(s) rôle(s) de l’ergothérapeute ? ,"['Réaliser des orthèses du tronc (False) ', 'Proposer des aménagements environnementaux (True) ', 'Travailler le souffle et la respiration (False) ', 'Construire des thérapies tournées vers des tâches (True) ', 'Evaluer les capacités et la participation (True).1']",,1,,1,,,1,2,,1,2,2,1,1,1,1,1,y,1
Une lésion du nerf ulnaire au coude peut avoir les caractéristiques sémiologiques suivantes ? ,"['un déficit moteur du muscle opposant du pouce (False) ', 'une amyotrophie de la loge hypothénar (True) ', ""une anesthésie du bord interne de l'avant-bras (False) "", 'un écartement permanent du 5° doigt (True) ', 'une abolition du réflexe radio-pronateur (False).1']",,1,,1,,,2,1,,1,2,2,1,1,1,1,2,n,1
"Parmi les propositions suivantes concernant les néphropathies tubulo-interstitielles, laquelle (lesquelles) est(sont) exacte(s) ? ","[""Elles s'accompagnent d'une protéinurie de type tubulaire (True) "", ""La présence d'oedèmes des membres inférieurs est fréquente (False) "", ""La présence d'une HTA est fréquente (False) "", 'Elles peuvent compliquer un traitement par antibiotiques (True) ', 'Certaines ont un mécanisme immuno-allergique (True).1']",,1,,1,,,2,2,,1,2,2,2,1,2,1,1,y,1
"Parmi ces différentes affirmations concernant les hyponatrémies, quelles sont les 2 exactes ? ","[""La baisse de la natrémie inhibe la sécrétion d'ADH (True) "", ""L'hyponatrémie est due à un hyperaldostéronisme secondaire (False) "", ""L'hyponatrémie indique une déshydratation extracellulaire liée à une perte de sel (False) "", 'La vitesse de correction d´une hyponatrémie doit rester inférieure à 6 mmol/L/j (False) ', ""Quel qu'en soit le mécanisme, l'hyponatrémie nécessite une restriction des apports hydriques (True).1""]",,2,,1,,,2,2,,1,2,2,1,2,2,2,2,n,1
L’anémie au cours de l’insuffisance rénale chronique : ,"['Est habituellement normocytaire (True) ', 'S´accompagne d´une réticulocytose élevée (False) ', 'Est due à l´hypocalcémie (False) ', 'Est essentiellement liée à un défaut en érythropoïétine (True) ', 'Est corrigée par apport de vitamine B12 et de folates (False).1']",,1,,1,,,2,2,,1,2,2,2,1,2,2,2,n,1
Le diagnostic de cancer du testicule nécessite (une ou plusieurs propositions attendues) : ,"['Une biopsie scrotale (False) ', 'Un dosage de PSA (False) ', 'Une IRM du testicule (False) ', 'Une orchidectomie (True) ', 'Une tomographie par émission de positons (TEP) (False).1']",,1,,1,,2,,,2,1,2,2,2,1,2,2,2,n,1
Les cancers des voies aérodigestives supérieures peuvent avoir un cofacteur étiologique viral : lequel ou lesquels ? ,"['Papilloma Virus Humain (HPV) (True) ', 'Virus Varicelle-Zona (VZV) (False) ', ""Virus de l'hépatite C (HCV) (False) "", ""Virus de l'hépatite B (HBV) (False) "", ""Virus d'Epstein-Barr (EBV) (True).1""]",,1,,1,,1,,,1,1,1,1,1,1,1,1,2,n,1
Quels sont les deux types de cancers les plus fréquents chez l'enfant ? ,"['les neuroblastomes (False) ', 'les néphroblastomes (False) ', 'les hépatoblastomes (False) ', 'les tumeurs cérébrales (True) ', 'les leucémies aiguës (True).1']",,1,,1,,1,,,1,1,1,1,1,1,1,1,2,n,1
Quel(s) est (sont) le(s) renseignement(s) fourni(s) par le toucher rectal ? ,"['tonus du sphincter anal (True) ', ""présence d'une hématémèse (False) "", ""présence d'un fécalome dans l'ampoule rectale (True) "", ""présence d'une lésion bourgeonnante du bas rectum (True) "", ""présence d'une colite à clostridium difficile (False).1""]",,2,,1,,2,,,2,1,2,2,1,2,2,2,1,y,1
Concernant le dispositif de la personne de confiance tel qu’il est décrit dans la loi du 2 février 2016 dite la loi « Claeys Leonetti » quelle est l'affirmation exacte ? ,"['Les patients doivent désigner une personne de confiance lors d’une admission dans un établissement de santé (False) ', 'La personne de confiance rend compte de sa propre volonté lorsque la personne malade qu’elle représente ne peut s’exprimer (False) ', 'La personne de confiance est la personne à prévenir en cas de décès (False) ', 'La désignation de la personne de confiance est faite par écrit et est signée seulement par celle ci (False) ', 'La loi autorise que le médecin traitant soit la personne de confiance d’un patient qu’il suit (True).1']",,1,,1,,1,,,1,1,1,1,1,1,1,1,2,n,1
"Un patient souffrant d’une longue maladie incurable, actuellement en phase agonique, manifeste un encombrement bronchique important avec tirage respiratoire, résistant aux anticholinergiques. Le patient est confus et agité par intermittence. Quelle(s) mesure(s) proposez-vous ? ","['diminution ou arrêt de l’hydratation (True) ', ""sédation profonde et continue jusqu'au décès (True) "", 'intubation orotrachéale (False) ', 'majoration de l’oxygénothérapie à 15 L/min au masque à haute concentration (False) ', 'antibiothérapie (False).1']",,3,,3,,3,,,3,3,3,1,1,3,3,3,2,n,2
Selon la loi du 2 février 2016 quelle(s) est(sont) la(es) condition(s) qui doit(vent) être réunie(s) pour qu'une  sédation profonde et continue jusqu'au décès soit mise en œuvre à la demande d'un patient ? ,"[""le patient souhaite éviter toute souffrance et ne pas subir d'obstination déraisonnable (True) "", ""le patient est atteint d'une affection grave et incurable (True) "", 'le pronostic vital du patient est engagé à court terme (True) ', 'le patient présente une souffrance réfractaire aux traitements (True) ', 'le patient présente un cancer (False).1']",,1,,1,,1,,,1,1,1,1,1,1,1,1,1,y,1
"Une patiente de 75 ans, que vous suivez pour une leucoplasie du plancher buccal dit présenter depuis quelque temps des douleurs buccales et des difficultés alimentaires. Quel(s) est(sont) l'(les) élément(s) qui vous font suspecter une dégénérescence carcinomateuse de la lésion du plancher ? ","['Sècheresse buccale (False) ', 'Saignement au contact lésionnel (True) ', 'Infiltration sous-jascente à la lésion (True) ', 'Mobilité dentaire des 4 cadrans (False) ', 'Limitation de la protraction linguale (True).1']",,3,,1,,2,,,2,1,3,3,1,2,2,2,2,y,2
"Vous recevez un jeune homme au décours d'une rixe. Il déclare avoir reçu plusieurs coups sur le visage. Au terme de votre examen maxillofacial, vous suspectez une fracture déplacée du condyle mandibulaire gauche isolée. Quel(s) signe(s) clinique(s) est/sont susceptible(s) de vous avoir fait évoquer ce diagnostic ? ","[""Une limitation d'ouverture buccale douloureuse (True) "", 'une déviation du point inter-incisif inférieur vers la gauche (True) ', 'une hypoesthésie dans le territoire labial inférieur et mentonnier gauche (False) ', 'Une béance molaire du coté gauche (False) ', 'Une épistaxis (False).1']",,3,,3,,2,,,2,2,3,2,2,2,3,3,2,y,2
"Devant une tumeur de la parotide droite, quel(s) est(sont) le(s) signe(s) clinique(s) ou fonctionnel(s) qui évoque(nt) une tumeur maligne? ","['adhérence de la peau au plan profond (True) ', ""présence d'un signe de Charles Bell droit (True) "", ""soulèvement du lobule de l'oreille droite (False) "", ""apparition d'adénopathies jugulo-carotidiennes droites (True) "", 'tumeur de taille supérieure à 3 cm de grand axe (False).1']",,2,,1,,2,,,2,1,2,2,1,2,2,2,2,n,1
"Mme A., 38 ans, consulte à 29 semaine d'aménorrhée suite au résultat de son HGPO 75g. Elle n'a pas d'antécédent familial, médical ou chirurgical. Au niveau gynéco-obstétrical, on note 2 fausses couches spontanées précoces et deux grossesses normales avec accouchement à terme de deux enfants pesant respectivement 2960 g et 3180g. Sa taille est de 1,63m, son poids de 54kg avant la grossesse (IMC 20kg/m2).  La glycémie à jeun au premier trimestre était à 0.85g/l. L'échographie du deuxième trimestre était sans particularité. Les résultats de son HGPO sont : glycémie à jeun : 1,19 g/l glycémie à 1h : 1,67g/l glycémie à 2h : 1,45 g/l Qu'en concluez vous ? (une ou plusieurs réponses exactes) ","['Une glycémie à jeun sera proposée de façon régulière après la naissance (True) ', 'il existe un diabète gestationnel (True) ', ""l'HGPO n'était pas obligatoire car la glycémie à jeun au premier trimestre était normale (False) "", ""le dépistage du diabète gestationnel n'était pas obligatoire car la patiente ne présente pas de facteur de risque (False) "", 'un traitement par insuline doit être débuté (False).1']",,3,,3,,1,,,3,1,3,2,1,3,3,3,3,y,3
"Au cours d’une épreuve de jeun, des dosages sont réalisés lors d’une hypoglycémie : glycémie 0,3 mmo/L (3,3-5,0) insulinémie 17 mU/L (0,4-8,0) peptide C &lt; 0,1 ng/ml (1,1-3,5) Comment interprétez-vous ces résultats ? une ou plusieurs réponse(s) vraie(s) ","['Il existe une hypersécrétion appropriée d’insuline (False) ', 'Une sécrétion d’insuline par un insulinome peut être évoquée (False) ', 'Une prise d’insuline par le patient peut être évoquée (True) ', 'Une prise de sulfamide par le patient peut être évoquée (False) ', 'une prise de gliptine peut être évoquée (False).1']",,3,,3,,3,,,3,3,3,1,1,3,3,3,3,y,3
Quelle(s) est(sont) parmi les suivantes le(la) proposition(s) vraie(s) concernant les sulfamides hypoglycémiants utilisés pour le traitement du diabète de type 2 ? ,"['ils augmentent la sécrétion de glucagon (False) ', 'ils augmentent la sécrétion de C-peptide (True) ', 'ils conduisent à une prise de poids (True) ', 'ils augmentent la production hépatique de glucose (False) ', 'ils réduisent la glycémie (True).1']",,1,,1,,2,,,1,1,2,2,1,1,1,1,1,y,1
Quelle(s) est(sont) la (les) capacité(s) qui sont explorée(s) quand on utilise les IADL? ,"[""l'utilisation du téléphone (True) "", ""les capacités d'encodage (False) "", ""les capacités à s'habiller (False) "", 'les capacités à entretenir sa maison (True) ', 'les capacités à prendre ses médicaments (True).1']",,1,,1,,1,,,1,1,1,1,1,1,1,1,1,y,1
"Cardiologue ou généraliste de ville, un de vos patients de 85 ans vous appelle pour vous communiquer le résultat de son INR du jour, en vous demandant conseil. Il est traité au long cours par la coumadine (antivitamine K) après avoir fait plusieurs épidoses thrombo-emboliques veineux idiopathiques, et son INR cible est entre 2 et 3. L'INR du jour est à 4,6 mais il n'a aucun symptôme, notamment aucune complication hémorragique. Quel(s) conseil(s) allez-vous lui donner par téléphone ? ","['ne pas prendre sa dose de coumadine du soir (True) ', 'contrôler un INR dans 4 jours (False) ', 'contrôler un INR le lendemain (True) ', ""venir vous voir le soir-même pour débuter une héparinothérapie en relais de l'antivitamine K que vous arrêtez (False) "", ""attendre que l'INR soit inférieur à 2 sur les prochains prélèvements pour reprendre sa coumadine (False).1""]",,3,,3,,3,,,3,3,3,1,1,3,3,3,2,n,3
Concernant cette radiographie: ,"['Il existe une fracture Garden IV du col fémoral gauche (True) ', ""Il existe une fracture de l'aile iliaque (False) "", ""Il s'agit d'une radiographie du bassin de face (True) "", 'Il exsite une fracture pertrochantérienne gauche (False) ', 'Il exsite une fracture pertrochantérienne droite (False).1']",3,3,,3,,,3,,,3,3,1,1,3,3,3,3,n,3
"Concernant la presbyacousie, quelle (s) est (sont) la (les) proposition(s) vraie(s)? ","['la surdité est habituellement unilatérale (False) ', 'la perte auditive devient socialement gênante quand elle atteint 15 dB sur les fréquences conversationnelles (False) ', 'le vieillissement auditif est dépendant des facteurs environnementaux (True) ', 'des acouphènes peuvent accompagner la perte auditive (True) ', ""il s'agit d'une surdité de perception prédominant sur les fréquences aiguës (True).1""]",1,1,,1,,,2,,,1,2,2,1,1,1,1,1,y,1
Quel bilan demandez-vous en première intention devant une plaie de jambe unique malléolaire externe gauche de 4 cm de diamètre douloureuse avec œdème du membre inférieur et pouls périphériques non perçus chez une patiente de 82 ans ? Une ou plusieurs réponses possibles ,"['Un echodoppler artériel des membres inférieurs (True) ', 'Un echodoppler\xa0veineux des membres inférieurs (True) ', 'un bilan nutritionnel (True) ', 'un bilan auto-immun (False) ', 'une radiographie de jambe (False).1']",3,3,,2,,,3,,,2,3,2,1,3,3,3,3,y,3
"En acoumétrie, si l'épreuve de Weber est latéralisée à droite, quelle(s) proposition(s) ci dessous est(sont) exacte(s) ? ","[""Il peut s'agir d'une surdité de transmission gauche (False) "", ""il peut s'agir d'une surdité de perception droite (False) "", ""il peut s'agir d'une surdité de transmission droite et d'une surdité de perception gauche (True) "", ""l'épreuve de Rinne\xa0aide à déterminer le côté atteint (True) "", ""une épreuve de Rinne positive des 2 côtés n'est pas compatible avec ce résultat au test de Weber (False).1""]",1,3,,1,,,2,,,1,3,3,1,1,1,1,1,y,1
Quel(s) argument(s) est(sont) en faveur d’une paralysie faciale périphérique ? ,"['signe de Souques (False) ', 'signe de Claude-Bernard-Horner (False) ', 'absence de dissociation automatico-volontaire (True) ', 'déficit facial prédominant à la partie inférieure du visage (False) ', 'hypoesthésie cornéenne (False).1']",1,1,,1,,,1,,,1,1,1,1,1,1,1,1,y,1
Quel est le fixateur de référence en anatomie pathologique ? ,"['le glutaraldéhyde (False) ', 'le liquide de Bouin (False) ', 'le formol (True) ', 'le liquide de Clark (False) ', 'le sérum physiologique (False).1']",1,1,,1,,,1,,,1,1,1,1,1,1,1,2,n,1
L’adénome colique (une ou plusieurs réponses exactes) ,"['est bénin (True) ', 'est une lésion précancéreuse (True) ', 'est une lésion préneoplasique (False) ', 'peut-être enlevé au cours d’un examen endoscopique du côlon (coloscopie) (True) ', 'ne présente aucun risque de transformation maligne (False).1']",1,1,,1,,,1,,,1,1,1,1,1,1,1,2,n,1
"Vous voyez un enfant de 4 ans sans antécédent particulier dans le cadre d’un dépistage de tuberculose. L’enfant a été vacciné à la naissance par le BCG. Le contage infectieux est dit à haut risque (mère de l’enfant atteinte de tuberculose et considérée comme très bacillifère). L’examen clinique est normal, le bilan de dépistage retrouve une intradermoréaction positive à 9 mm de diamètre et la radio pulmonaire de face est normale. Quelle(s) est(sont) la(les) proposition(s) exacte(s) ? ","['il devra avoir un nouveau bilan de dépistage dans 3 mois (True) ', ""on ne peut pas décider d'une attitude avec ces seuls éléments (False) "", 'il a une tuberculose maladie (False) ', 'il a une infection tuberculeuse latente (False) ', 'il doit recevoir un traitement anti-tuberculeux (False).1']",3,3,,1,,,3,,,1,3,2,1,3,3,3,3,n,3
"En présence d’un épanchement pleural unilatéral non fébrile chez une femme de 70 ans, vous réalisez une ponction pleurale à visée diagnostique. La ponction pleurale ramène 2 L de liquide séro-hématique. Quel(s) diagnostic(s) peut(peuvent) être compatible(s) avec cet épanchement ? ","['pleurésie métastatique d’un cancer pulmonaire (True) ', 'pleurésie dans le cadre d’une embolie pulmonaire (True) ', 'mésothéliome (True) ', 'pleurésie purulente (False) ', 'pleurésie métastatique d’un cancer du sein (True).1']",3,3,,3,,,3,,,3,3,1,1,3,3,3,2,y,3
"Parmi les propositions suivantes concernant cette radiographie thoracique, laquelle (lesquelles) est (sont) correcte(s) ? ","['il existe un épanchement gazeux autour du poumon droit (True) ', 'il existe une opacité parenchymateuse droite (True) ', 'il existe un émoussement du cul de sac costo diaphragmatique droit (True) ', 'il existe un épanchement pleural gauche (False) ', 'il existe un petit refoulement du médiastin vers la droite (False).1']",3,3,,3,,,3,,,3,3,1,1,3,3,3,1,y,3
La radiographie de thorax de face montre ,"['une masse pulmonaire lobaire de la base pulmonaire droite (False) ', 'une condensation alvéolaire de la base pulmonaire droite (True) ', 'la lésion siège dans le lobe moyen (False) ', 'la lésion siège dans le lobe inférieur droit (True) ', 'la lésion occupe le segment antérieur (False).1']",3,3,,3,,,3,,,3,3,1,1,3,3,3,3,n,3
"Lors d'une tentative d'autolyse médicamenteuse, quelle(s) molécule(s) peut ou peuvent avoir une toxicité cardiaque ? ","['clomipramine (True) ', 'chloroquine (True) ', 'paracétamol (False) ', 'halopéridol (True) ', 'diazepam (False).1']",1,1,,1,,,1,,,1,1,1,1,1,1,1,1,y,1
"Parmi les éléments suivants, le(s)quel(s) fait(font) partie de la prise en charge d'un syndrome malin des neuroleptiques? ","['transfert en urgence en réanimation (True) ', 'réhydratation (True) ', 'lutte contre l´hyperthermie (True) ', 'prescription de tropatépine (False) ', 'prescription de bromocriptine (True).1']",2,1,,3,,,2,,,1,3,3,1,2,2,2,1,y,1
"Dans un essai contrôlé randomisé en double aveugle réalisé chez 224 sujets alcoolo-dépendants, l'analyse principale comparant les 2 bras n'a pas mis en évidence de différence entre le groupe traité par quetiapine et le groupe placebo pour le critère principal de jugement (nombre de jours par semaine avec consommation de plus de 10 verres d'alcool). L'absence de différence d'efficacité entre quetiapine et placebo a également été constatée dans plusieurs groupes constitués selon des critères d'âge (inférieur ou supérieur à 40 ans), de comorbidité (présence ou absence de comorbidité psychiatrique associée). En revanche, une différence en faveur du traitement par quetiapine a été mise en évidence dans un sous-groupe de patients ayant un antécédent personnel de cure de sevrage en institution. Quelle(s) est(sont) la(les) proposition(s) exacte(s) concernant l'analyse de sous-groupes dans les essais randomisés : ","[""l'analyse de sous-groupe augmente le risque d'obtenir un résultat faussement positif dans l'un des sous-groupes analysés (True) "", ""l'analyse de sous-groupe augmente le risque d'obtenir un résultat négatif car la puissance du test statistique est diminuée (True) "", ""l'analyse de sous-groupe entraine une inflation du risque d'erreur statistique de 1ère espèce (alpha) (True) "", ""on doit vérifier qu'aucune différence pour le critère principal de jugement n'existe dans un sous-groupe particulier de patients, avant de conclure à l'absence d'effet du traitement dans un essai (False) "", ""l'existence d'une différence significative dans un sous-groupe permet d'affirmer la réalité statistique de la supériorité du traitement évalué (False).1""]",2,3,,2,,,2,,,2,3,2,1,2,2,2,2,n,3
une hyponatrémie de dilution (avec hyperhydratation extra-cellulaire et hyperhydratation intra-cellulaire) peut être en rapport avec la prescription de : ,"['diurétique anti-aldostérone (False) ', 'furosémide (False) ', 'association de diurétique thiazidique et de diurétique anti-aldostérone (False) ', 'diurétique thiazidique (False) ', 'aucun de ces produits (True).1']",2,3,,1,,,2,,,1,3,3,1,2,2,2,2,n,2
La survenue d'un syndrome confusionnel chez une personne âgée peut être en rapport avec la prescription de ,"['diurétique (True) ', 'anti-inflammatoire non stéroïdien (True) ', 'laxatif (True) ', 'quinolone (True) ', 'antidépresseur sérotoninergique (True).1']",1,1,,1,,,,,2,1,2,2,1,1,1,1,2,n,1
Quelle(s) circonstance(s) contre-indique(nt) l’administration d’un inhibiteur de l'enzyme de conversion de l'angiotensine ? ,"['Deuxième trimestre de la grossesse (True) ', ""Antécédent d'angio-œdème héréditaire (True) "", 'Sténose artérielle rénale bilatérale significative (True) ', 'Insuffisance cardiaque symptomatique (False) ', 'Troisième trimestre de la grossesse (True).1']",1,1,,1,,,,,2,1,2,2,1,1,1,1,1,y,1
"Une femme de 55 ans consulte aux urgences pour dyspnée évoluant depuis 8 jours. Il y a quelques semaines, elle s'est fait opérer d'une chirurgie du genou droit. Depuis elle marche avec l'aide de béquilles, l'appui reste douloureux, la patiente a donc naturellement diminué ses activités quotidiennes. La patiente ne présente par ailleurs aucun antécédent notable. A l'examen clinique, elle présente un fébricule à 37.8°C, une tachycardie sinusale et régulière (110c/min) avec un bloc de branche droit non connu. Le membre inférieur droit récemment opéré est douloureux et oedématié dans son ensemble. Quel examen d'imagerie doit être effectué dans ce contexte vous permettant de rechercher votre principale hypothèse diagnostique? ","['échographie trans-thoracique (ETT) (False) ', 'radiographie de thorax (False) ', 'IRM cardiaque (False) ', 'angio-scanner thoracique (True) ', 'angiographie pulmonaire (False).1']",3,3,,3,,,,,3,3,3,1,1,3,3,3,3,y,3
"Parmi les différents outils d'évaluation de la douleur, l'échelle visuelle analogique permet : (une ou plusieurs réponses exactes) ","[""d'analyser la part neuropathique d'une douleur (False) "", ""d'effectuer une évaluation chez 100% des patients adultes (False) "", ""au patient d'indiquer sur une échelle de 10 cm l'intensité de sa douleur en faisant une auto-évaluation (True) "", ""d'évaluer la douleur chez des enfants de moins de 6 ans. (False) "", ""l'hétéro-évaluation par un soignant (False).1""]",1,2,,1,,,,,1,1,2,2,1,1,1,1,2,n,1
Quels sont les signes de gravité respiratoires à rechercher chez un patient présentant une pneumopathie aigüe communautaire infectieuse ? ,"['Tirage sus-sternal (True) ', 'Tirage intercostal (True) ', 'Polypnée superficielle (True) ', 'Bradypnée (True) ', 'Expiration abdominale active (True).1']",1,2,,1,,,,,2,1,2,2,2,1,2,2,2,n,1
"Mme H., âgée de 55 ans, a ressenti une violente céphalée ce matin en prenant son petit déjeuner. Elle a vomi immédiatement et son époux l'amène aux urgences car il la trouve confuse. Vous avez demandé un examen tomodensitométrique crânien dont voici quelques images. Quelles sont les propositions exactes ? ","['il existe un effet de masse (False) ', 'les images\xa0montrent une hyperdensité des espaces sous-achnoïdiens (hémorragie sub-arachnoïdienne) (True) ', ""l'hémorragie prédomine dans la scissure latérale gauche (True) "", ""les images évoquent\xa0la probable rupture d'un anévrisme de l'artère cérébrale moyenne gauche (True) "", 'il existe une hémorragie intraventriculaire (True).1']",3,3,,3,,,,,3,3,3,1,1,3,3,3,3,y,3
"Le SAMU est déclenché pour « malaise sur la voie publique » chez un homme de 45 ans. A leur arrivée 5 minutes après l’appel, le patient est inconscient. Absence de ventilation et de pouls. Le tracé électrocardiographique est le suivant : Quelle(s) est(sont) la(les) mesure(s) thérapeutique(s) à prendre en première intention ? ","['Massage cardiaque externe (True) ', 'Injection d’amiodarone (False) ', 'Injection d’adrénaline (False) ', 'Défibrillation par choc électrique externe (True) ', 'Injection de lidocaïne (False).1']",3,3,,3,,,,,3,3,3,1,1,3,3,3,3,n,3
"Vous recevez un patient actuellement en cours de traitement pour une hémopathie maligne. Il présente une dyspnée d’aggravation progressive depuis plusieurs jours mais celle-ci ne cesse de s’aggraver. L’auscultation pulmonaire est sans particularité. Voici la radiographie du thorax du jour ainsi que celle de J-15. Parmi les propositions suivantes concernant ce cas, laquelle (lesquelles) est (sont) exacte(s)?Radio 2 : radio du jourRadio 1 : à J- 15 ","['le patient est porteur d’une chambre implantable (True) ', 'vous réalisez immédiatement un scanner thoracique (False) ', 'il y a un très probablement un épanchement péricardique de grande abondance ce jour (True) ', 'il y a un pneumopéritoine (False) ', 'il n’y a aucune explication sur la radio à la dyspnée, vous poursuivez les investigations (False).1']",3,3,,3,,,,,3,3,3,1,1,3,3,3,2,n,3
"Vous êtes pédiatre de garde dans une maternité de niveau 1, et vous êtes contacté par la sage femme pour examiner un nouveau né qui présente une malformation faciale de découverte néo-natale. Les photographies de face et en contre-plongée illustrent une partie de votre examen clinique. Quel est votre diagnostic clinique? ","['Séquence de Pierre Robin (False) ', 'Fente labio-alvéolaire gauche (True) ', 'Fente vélo-palatine gauche (False) ', 'Syndrome de Van der Wood (False) ', 'Fente médiane (False).1']",3,3,,3,,,,,3,3,3,1,1,3,3,3,3,y, 
